ID;Tube_vide;Tube_masse_fraiche;Tube_masse_seche
1;Date 24.02.2022  Heure 14:30:51;Date 25.02.2022  Heure 15:18:09;Date 02.03.2022  Heure 13:00:06
1;N         :    +   1.3032 g;N         :    +   1.3970 g;N         :    +   1.3114 g
2;Date 24.02.2022  Heure 14:31:01;Date 25.02.2022  Heure 15:18:40;Date 02.03.2022  Heure 13:00:18
2;N         :    +   1.3125 g;N         :    +   1.4522 g;N         :    +   1.3232 g
3;Date 24.02.2022  Heure 14:31:16;Date 25.02.2022  Heure 15:19:12;Date 02.03.2022  Heure 13:00:34
3;N         :    +   1.3066 g;N         :    +   1.4432 g;N         :    +   1.3185 g
4;Date 24.02.2022  Heure 14:31:26;Date 25.02.2022  Heure 15:19:23;Date 02.03.2022  Heure 13:00:45
4;N         :    +   1.2990 g;N         :    +   1.3686 g;N         :    +   1.3055 g
5;Date 24.02.2022  Heure 14:31:39;Date 25.02.2022  Heure 15:19:30;Date 02.03.2022  Heure 13:00:54
5;N         :    +   1.3084 g;N         :    +   1.4810 g;N         :    +   1.3228 g
6;Date 24.02.2022  Heure 14:31:51;Date 25.02.2022  Heure 15:19:41;Date 02.03.2022  Heure 13:01:06
6;N         :    +   1.3112 g;N         :    +   1.4277 g;N         :    +   1.3209 g
7;Date 24.02.2022  Heure 14:32:02;Date 25.02.2022  Heure 15:19:48;Date 02.03.2022  Heure 13:01:18
7;N         :    +   1.3078 g;N         :    +   1.4047 g;N         :    +   1.3162 g
8;Date 24.02.2022  Heure 14:32:13;Date 25.02.2022  Heure 15:19:59;Date 02.03.2022  Heure 13:01:26
8;N         :    +   1.3009 g;N         :    +   1.4192 g;N         :    +   1.3111 g
9;Date 24.02.2022  Heure 14:32:24;Date 25.02.2022  Heure 15:20:07;Date 02.03.2022  Heure 13:01:38
9;N         :    +   1.3039 g;N         :    +   1.4283 g;N         :    +   1.3150 g
10;Date 24.02.2022  Heure 14:32:38;Date 25.02.2022  Heure 15:20:17;Date 02.03.2022  Heure 13:01:49
10;N         :    +   1.3049 g;N         :    +   1.4758 g;N         :    +   1.3186 g
11;Date 24.02.2022  Heure 14:32:50;Date 25.02.2022  Heure 15:20:27;Date 02.03.2022  Heure 13:02:02
11;N         :    +   1.3106 g;N         :    +   1.4857 g;N         :    +   1.3247 g
12;Date 24.02.2022  Heure 14:33:04;NA;NA
12;N         :    +   1.3060 g;NA;NA
13;Date 24.02.2022  Heure 14:33:14;Date 25.02.2022  Heure 15:20:41;Date 02.03.2022  Heure 13:02:27
13;N         :    +   1.3008 g;N         :    +   1.4237 g;N         :    +   1.3117 g
14;Date 24.02.2022  Heure 14:33:26;Date 25.02.2022  Heure 15:20:51;Date 02.03.2022  Heure 13:02:39
14;N         :    +   1.3010 g;N         :    +   1.4370 g;N         :    +   1.3121 g
15;Date 24.02.2022  Heure 14:33:38;Date 25.02.2022  Heure 15:21:00;Date 02.03.2022  Heure 13:02:53
15;N         :    +   1.3020 g;N         :    +   1.4049 g;N         :    +   1.3099 g
16;Date 24.02.2022  Heure 14:33:46;Date 25.02.2022  Heure 15:21:12;Date 02.03.2022  Heure 13:03:06
16;N         :    +   1.3030 g;N         :    +   1.4268 g;N         :    +   1.3135 g
17;Date 24.02.2022  Heure 14:33:58;Date 25.02.2022  Heure 15:21:21;Date 02.03.2022  Heure 13:03:20
17;N         :    +   1.3062 g;N         :    +   1.3929 g;N         :    +   1.3134 g
18;Date 24.02.2022  Heure 14:34:12;Date 25.02.2022  Heure 15:21:29;Date 02.03.2022  Heure 13:03:30
18;N         :    +   1.2995 g;N         :    +   1.4322 g;N         :    +   1.3109 g
19;Date 24.02.2022  Heure 14:34:22;Date 25.02.2022  Heure 15:21:38;Date 02.03.2022  Heure 13:03:44
19;N         :    +   1.3080 g;N         :    +   1.4370 g;N         :    +   1.3184 g
20;Date 24.02.2022  Heure 14:34:33;Date 25.02.2022  Heure 15:21:47;Date 02.03.2022  Heure 13:03:55
20;N         :    +   1.3134 g;N         :    +   1.4426 g;N         :    +   1.3242 g
21;Date 24.02.2022  Heure 14:34:43;Date 25.02.2022  Heure 15:21:58;Date 02.03.2022  Heure 13:04:09
21;N         :    +   1.3041 g;N         :    +   1.3955 g;N         :    +   1.3120 g
22;Date 24.02.2022  Heure 14:34:52;Date 25.02.2022  Heure 15:22:07;Date 02.03.2022  Heure 13:04:20
22;N         :    +   1.3086 g;N         :    +   1.4466 g;N         :    +   1.3198 g
23;Date 24.02.2022  Heure 14:35:01;Date 25.02.2022  Heure 15:22:17;Date 02.03.2022  Heure 13:04:31
23;N         :    +   1.3014 g;N         :    +   1.4160 g;N         :    +   1.3116 g
24;Date 24.02.2022  Heure 14:35:11;Date 25.02.2022  Heure 15:22:26;Date 02.03.2022  Heure 13:04:47
24;N         :    +   1.2998 g;N         :    +   1.4196 g;N         :    +   1.3101 g
25;Date 24.02.2022  Heure 14:35:22;Date 25.02.2022  Heure 15:22:47;Date 02.03.2022  Heure 13:04:59
25;N         :    +   1.3009 g;N         :    +   1.4773 g;N         :    +   1.3161 g
26;Date 24.02.2022  Heure 14:35:32;Date 25.02.2022  Heure 15:22:59;Date 02.03.2022  Heure 13:05:11
26;N         :    +   1.3008 g;N         :    +   1.4192 g;N         :    +   1.3111 g
27;Date 24.02.2022  Heure 14:35:55;Date 25.02.2022  Heure 15:23:12;Date 02.03.2022  Heure 13:05:22
27;N         :    +   1.2993 g;N         :    +   1.4717 g;N         :    +   1.3138 g
28;Date 24.02.2022  Heure 14:36:04;Date 25.02.2022  Heure 15:23:23;Date 02.03.2022  Heure 13:05:33
28;N         :    +   1.3071 g;N         :    +   1.4457 g;N         :    +   1.3190 g
29;Date 24.02.2022  Heure 14:36:13;Date 25.02.2022  Heure 15:23:34;Date 02.03.2022  Heure 13:05:46
29;N         :    +   1.3065 g;N         :    +   1.3932 g;N         :    +   1.3145 g
30;Date 24.02.2022  Heure 14:36:20;Date 25.02.2022  Heure 15:23:52;Date 02.03.2022  Heure 13:06:02
30;N         :    +   1.3041 g;N         :    +   1.4046 g;N         :    +   1.3129 g
31;Date 24.02.2022  Heure 14:36:28;Date 25.02.2022  Heure 15:24:04;Date 02.03.2022  Heure 13:06:12
31;N         :    +   1.2995 g;N         :    +   1.4225 g;N         :    +   1.3097 g
32;Date 24.02.2022  Heure 14:36:36;Date 25.02.2022  Heure 15:24:15;Date 02.03.2022  Heure 13:06:24
32;N         :    +   1.3086 g;N         :    +   1.4688 g;N         :    +   1.3223 g
33;Date 24.02.2022  Heure 14:36:44;Date 25.02.2022  Heure 15:24:28;Date 02.03.2022  Heure 13:06:35
33;N         :    +   1.3067 g;N         :    +   1.3950 g;N         :    +   1.3143 g
34;Date 24.02.2022  Heure 14:36:51;Date 25.02.2022  Heure 15:24:39;Date 02.03.2022  Heure 13:06:47
34;N         :    +   1.2952 g;N         :    +   1.3987 g;N         :    +   1.3044 g
35;Date 24.02.2022  Heure 14:36:59;Date 25.02.2022  Heure 15:24:49;Date 02.03.2022  Heure 13:06:58
35;N         :    +   1.3032 g;N         :    +   1.4893 g;N         :    +   1.3189 g
36;Date 24.02.2022  Heure 14:37:07;Date 25.02.2022  Heure 15:24:59;Date 02.03.2022  Heure 13:07:08
36;N         :    +   1.3030 g;N         :    +   1.4136 g;N         :    +   1.3126 g
37;Date 24.02.2022  Heure 14:37:17;Date 25.02.2022  Heure 15:25:09;Date 02.03.2022  Heure 13:07:18
37;N         :    +   1.3082 g;N         :    +   1.4645 g;N         :    +   1.3213 g
38;Date 24.02.2022  Heure 14:37:24;Date 25.02.2022  Heure 15:25:17;Date 02.03.2022  Heure 13:07:30
38;N         :    +   1.3008 g;N         :    +   1.4896 g;N         :    +   1.3167 g
39;Date 24.02.2022  Heure 14:37:33;Date 25.02.2022  Heure 15:25:27;Date 02.03.2022  Heure 13:07:46
39;N         :    +   1.3085 g;N         :    +   1.4157 g;N         :    +   1.3179 g
40;Date 24.02.2022  Heure 14:37:43;Date 25.02.2022  Heure 15:25:36;Date 02.03.2022  Heure 13:08:00
40;N         :    +   1.3067 g;N         :    +   1.3815 g;N         :    +   1.3130 g
41;Date 24.02.2022  Heure 14:37:50;Date 25.02.2022  Heure 15:25:47;Date 02.03.2022  Heure 13:08:14
41;N         :    +   1.3092 g;N         :    +   1.5087 g;N         :    +   1.3264 g
42;Date 24.02.2022  Heure 14:37:58;Date 25.02.2022  Heure 15:25:55;Date 02.03.2022  Heure 13:08:26
42;N         :    +   1.3058 g;N         :    +   1.4428 g;N         :    +   1.3177 g
43;Date 24.02.2022  Heure 14:38:06;Date 25.02.2022  Heure 15:26:06;Date 02.03.2022  Heure 13:08:37
43;N         :    +   1.3066 g;N         :    +   1.3976 g;N         :    +   1.3149 g
44;Date 24.02.2022  Heure 14:38:14;Date 25.02.2022  Heure 15:26:21;Date 02.03.2022  Heure 13:08:46
44;N         :    +   1.3081 g;N         :    +   1.4433 g;N         :    +   1.3197 g
45;Date 24.02.2022  Heure 14:38:22;NA;NA
45;N         :    +   1.3138 g;NA;NA
46;Date 24.02.2022  Heure 14:38:30;Date 25.02.2022  Heure 15:26:43;Date 02.03.2022  Heure 13:09:06
46;N         :    +   1.3047 g;N         :    +   1.4099 g;N         :    +   1.3142 g
47;Date 24.02.2022  Heure 14:38:37;Date 25.02.2022  Heure 15:26:56;Date 02.03.2022  Heure 13:09:18
47;N         :    +   1.3058 g;N         :    +   1.4527 g;N         :    +   1.3182 g
48;Date 24.02.2022  Heure 14:38:45;Date 25.02.2022  Heure 15:27:08;Date 02.03.2022  Heure 13:09:29
48;N         :    +   1.3069 g;N         :    +   1.4861 g;N         :    +   1.3214 g
49;Date 24.02.2022  Heure 14:39:27;Date 25.02.2022  Heure 15:27:45;Date 02.03.2022  Heure 13:09:55
49;N         :    +   1.3027 g;N         :    +   1.4305 g;N         :    +   1.3139 g
50;Date 24.02.2022  Heure 14:39:37;Date 25.02.2022  Heure 15:27:56;Date 02.03.2022  Heure 13:10:06
50;N         :    +   1.3096 g;N         :    +   1.4463 g;N         :    +   1.3209 g
51;Date 24.02.2022  Heure 14:39:47;Date 25.02.2022  Heure 15:28:07;Date 02.03.2022  Heure 13:10:17
51;N         :    +   1.2988 g;N         :    +   1.4236 g;N         :    +   1.3093 g
52;Date 24.02.2022  Heure 14:39:55;Date 25.02.2022  Heure 15:28:19;Date 02.03.2022  Heure 13:10:30
52;N         :    +   1.3046 g;N         :    +   1.4313 g;N         :    +   1.3139 g
53;Date 24.02.2022  Heure 14:40:02;Date 25.02.2022  Heure 15:28:28;Date 02.03.2022  Heure 13:10:40
53;N         :    +   1.3037 g;N         :    +   1.4435 g;N         :    +   1.3153 g
54;Date 24.02.2022  Heure 14:40:28;Date 25.02.2022  Heure 15:28:38;Date 02.03.2022  Heure 13:10:54
54;N         :    +   1.3079 g;N         :    +   1.4153 g;N         :    +   1.3170 g
55;Date 24.02.2022  Heure 14:40:36;Date 25.02.2022  Heure 15:28:52;Date 02.03.2022  Heure 13:11:05
55;N         :    +   1.3056 g;N         :    +   1.4422 g;N         :    +   1.3168 g
56;Date 24.02.2022  Heure 14:40:46;Date 25.02.2022  Heure 15:29:03;Date 02.03.2022  Heure 13:11:14
56;N         :    +   1.3083 g;N         :    +   1.4561 g;N         :    +   1.3208 g
57;Date 24.02.2022  Heure 14:40:57;Date 25.02.2022  Heure 15:29:12;Date 02.03.2022  Heure 13:11:24
57;N         :    +   1.3119 g;N         :    +   1.3963 g;N         :    +   1.3187 g
58;Date 24.02.2022  Heure 14:41:05;Date 25.02.2022  Heure 15:29:23;Date 02.03.2022  Heure 13:11:35
58;N         :    +   1.3064 g;N         :    +   1.4565 g;N         :    +   1.3189 g
59;Date 24.02.2022  Heure 14:41:15;Date 25.02.2022  Heure 15:29:34;Date 02.03.2022  Heure 13:11:46
59;N         :    +   1.3079 g;N         :    +   1.4304 g;N         :    +   1.3181 g
60;Date 24.02.2022  Heure 14:41:23;Date 25.02.2022  Heure 15:29:43;Date 02.03.2022  Heure 13:11:58
60;N         :    +   1.3078 g;N         :    +   1.3883 g;N         :    +   1.3145 g
61;Date 24.02.2022  Heure 14:41:34;Date 25.02.2022  Heure 15:29:53;Date 02.03.2022  Heure 13:12:09
61;N         :    +   1.3086 g;N         :    +   1.4305 g;N         :    +   1.3200 g
62;Date 24.02.2022  Heure 14:41:44;NA;NA
62;N         :    +   1.3069 g;NA;NA
63;Date 24.02.2022  Heure 14:41:52;NA;NA
63;N         :    +   1.3053 g;NA;NA
64;Date 24.02.2022  Heure 14:42:00;Date 25.02.2022  Heure 15:30:18;Date 02.03.2022  Heure 13:12:26
64;N         :    +   1.3074 g;N         :    +   1.4183 g;N         :    +   1.3181 g
65;Date 24.02.2022  Heure 14:42:15;Date 25.02.2022  Heure 15:30:26;Date 02.03.2022  Heure 13:12:38
65;N         :    +   1.3085 g;N         :    +   1.3835 g;N         :    +   1.3153 g
66;Date 24.02.2022  Heure 14:42:24;Date 25.02.2022  Heure 15:30:35;Date 02.03.2022  Heure 13:13:19
66;N         :    +   1.2997 g;N         :    +   1.4077 g;N         :    +   1.3094 g
67;Date 24.02.2022  Heure 14:42:34;NA;NA
67;N         :    +   1.3134 g;NA;NA
68;Date 24.02.2022  Heure 14:42:46;Date 25.02.2022  Heure 15:30:46;Date 02.03.2022  Heure 13:13:47
68;N         :    +   1.3092 g;N         :    +   1.4129 g;N         :    +   1.3183 g
69;Date 24.02.2022  Heure 14:43:00;Date 25.02.2022  Heure 15:31:12;Date 02.03.2022  Heure 13:13:58
69;N         :    +   1.3040 g;N         :    +   1.4242 g;N         :    +   1.3149 g
70;Date 24.02.2022  Heure 14:43:10;Date 25.02.2022  Heure 15:31:21;Date 02.03.2022  Heure 13:14:08
70;N         :    +   1.3110 g;N         :    +   1.4427 g;N         :    +   1.3225 g
71;Date 24.02.2022  Heure 14:43:19;Date 25.02.2022  Heure 15:31:29;Date 02.03.2022  Heure 13:14:20
71;N         :    +   1.3067 g;N         :    +   1.4770 g;N         :    +   1.3212 g
72;Date 24.02.2022  Heure 14:43:28;Date 25.02.2022  Heure 15:31:38;Date 02.03.2022  Heure 13:14:37
72;N         :    +   1.3053 g;N         :    +   1.4620 g;N         :    +   1.3191 g
73;Date 24.02.2022  Heure 14:43:36;Date 25.02.2022  Heure 15:31:47;Date 02.03.2022  Heure 13:14:46
73;N         :    +   1.3124 g;N         :    +   1.4220 g;N         :    +   1.3224 g
74;Date 24.02.2022  Heure 14:43:44;Date 25.02.2022  Heure 15:31:58;Date 02.03.2022  Heure 13:14:57
74;N         :    +   1.3085 g;N         :    +   1.3932 g;N         :    +   1.3164 g
75;Date 24.02.2022  Heure 14:43:54;Date 25.02.2022  Heure 15:32:08;Date 02.03.2022  Heure 13:15:10
75;N         :    +   1.3032 g;N         :    +   1.3750 g;N         :    +   1.3093 g
76;Date 24.02.2022  Heure 14:44:03;Date 25.02.2022  Heure 15:32:20;Date 02.03.2022  Heure 13:15:22
76;N         :    +   1.3082 g;N         :    +   1.4180 g;N         :    +   1.3182 g
77;Date 24.02.2022  Heure 14:44:10;Date 25.02.2022  Heure 15:32:38;Date 02.03.2022  Heure 13:15:34
77;N         :    +   1.3017 g;N         :    +   1.3957 g;N         :    +   1.3111 g
78;Date 24.02.2022  Heure 14:44:32;Date 25.02.2022  Heure 15:33:23;Date 02.03.2022  Heure 13:15:47
78;N         :    +   1.3126 g;N         :    +   1.4510 g;N         :    +   1.3242 g
79;Date 24.02.2022  Heure 14:44:40;NA;NA
79;N         :    +   1.3005 g;NA;NA
80;Date 24.02.2022  Heure 14:44:57;Date 25.02.2022  Heure 15:33:35;Date 02.03.2022  Heure 13:16:05
80;N         :    +   1.3134 g;N         :    +   1.3781 g;N         :    +   1.3192 g
81;Date 24.02.2022  Heure 14:45:05;Date 25.02.2022  Heure 15:33:58;Date 02.03.2022  Heure 13:16:16
81;N         :    +   1.3082 g;N         :    +   1.4179 g;N         :    +   1.3181 g
82;Date 24.02.2022  Heure 14:45:14;Date 25.02.2022  Heure 15:34:08;Date 02.03.2022  Heure 13:16:26
82;N         :    +   1.3043 g;N         :    +   1.4317 g;N         :    +   1.3159 g
83;Date 24.02.2022  Heure 14:45:25;Date 25.02.2022  Heure 15:34:20;Date 02.03.2022  Heure 13:17:15
83;N         :    +   1.3123 g;N         :    +   1.4588 g;N         :    +   1.3252 g
84;Date 24.02.2022  Heure 14:45:35;Date 25.02.2022  Heure 15:34:31;Date 02.03.2022  Heure 13:17:29
84;N         :    +   1.3041 g;N         :    +   1.4383 g;N         :    +   1.3153 g
85;Date 24.02.2022  Heure 14:45:44;Date 25.02.2022  Heure 15:34:42;Date 02.03.2022  Heure 13:17:41
85;N         :    +   1.2989 g;N         :    +   1.3688 g;N         :    +   1.3044 g
86;Date 24.02.2022  Heure 14:45:53;Date 25.02.2022  Heure 15:34:53;Date 02.03.2022  Heure 13:17:53
86;N         :    +   1.3050 g;N         :    +   1.3910 g;N         :    +   1.3124 g
87;Date 24.02.2022  Heure 14:46:01;NA;NA
87;N         :    +   1.3135 g;NA;NA
88;Date 24.02.2022  Heure 14:46:10;Date 25.02.2022  Heure 15:35:10;Date 02.03.2022  Heure 13:18:09
88;N         :    +   1.3066 g;N         :    +   1.4170 g;N         :    +   1.3158 g
89;Date 24.02.2022  Heure 14:46:18;Date 25.02.2022  Heure 15:35:21;Date 02.03.2022  Heure 13:18:21
89;N         :    +   1.3021 g;N         :    +   1.4091 g;N         :    +   1.3109 g
90;Date 24.02.2022  Heure 14:46:27;Date 25.02.2022  Heure 15:35:34;Date 02.03.2022  Heure 13:18:37
90;N         :    +   1.3040 g;N         :    +   1.4357 g;N         :    +   1.3150 g
91;Date 24.02.2022  Heure 14:46:35;Date 25.02.2022  Heure 15:36:01;Date 02.03.2022  Heure 13:18:49
91;N         :    +   1.3074 g;N         :    +   1.4159 g;N         :    +   1.3165 g
92;Date 24.02.2022  Heure 14:46:43;Date 25.02.2022  Heure 15:36:15;Date 02.03.2022  Heure 13:19:03
92;N         :    +   1.3136 g;N         :    +   1.4116 g;N         :    +   1.3217 g
93;Date 24.02.2022  Heure 14:46:52;Date 25.02.2022  Heure 15:36:24;Date 02.03.2022  Heure 13:19:15
93;N         :    +   1.2952 g;N         :    +   1.4026 g;N         :    +   1.3043 g
94;Date 24.02.2022  Heure 14:47:00;Date 25.02.2022  Heure 15:36:36;Date 02.03.2022  Heure 13:19:26
94;N         :    +   1.3090 g;N         :    +   1.4442 g;N         :    +   1.3202 g
95;Date 24.02.2022  Heure 14:47:09;Date 25.02.2022  Heure 15:36:46;Date 02.03.2022  Heure 13:19:36
95;N         :    +   1.3093 g;N         :    +   1.4232 g;N         :    +   1.3190 g
96;Date 24.02.2022  Heure 14:47:18;Date 25.02.2022  Heure 15:36:58;Date 02.03.2022  Heure 13:19:48
96;N         :    +   1.3084 g;N         :    +   1.4548 g;N         :    +   1.3207 g
97;Date 24.02.2022  Heure 14:47:46;Date 25.02.2022  Heure 15:37:24;Date 02.03.2022  Heure 13:20:17
97;N         :    +   1.3039 g;N         :    +   1.3845 g;N         :    +   1.3110 g
98;Date 24.02.2022  Heure 14:47:55;Date 25.02.2022  Heure 15:37:35;Date 02.03.2022  Heure 13:20:28
98;N         :    +   1.3088 g;N         :    +   1.4628 g;N         :    +   1.3217 g
99;Date 24.02.2022  Heure 14:48:03;Date 25.02.2022  Heure 15:37:49;Date 02.03.2022  Heure 13:20:38
99;N         :    +   1.3075 g;N         :    +   1.4561 g;N         :    +   1.3191 g
100;Date 24.02.2022  Heure 14:48:11;Date 25.02.2022  Heure 15:38:03;Date 02.03.2022  Heure 13:20:51
100;N         :    +   1.2991 g;N         :    +   1.3911 g;N         :    +   1.3065 g
101;Date 24.02.2022  Heure 14:48:21;Date 25.02.2022  Heure 15:38:14;Date 02.03.2022  Heure 13:21:02
101;N         :    +   1.3081 g;N         :    +   1.3909 g;N         :    +   1.3152 g
102;Date 24.02.2022  Heure 14:48:30;Date 25.02.2022  Heure 15:38:25;Date 02.03.2022  Heure 13:21:15
102;N         :    +   1.3072 g;N         :    +   1.3849 g;N         :    +   1.3135 g
103;Date 24.02.2022  Heure 14:48:38;Date 25.02.2022  Heure 15:38:39;Date 02.03.2022  Heure 13:21:25
103;N         :    +   1.3038 g;N         :    +   1.4662 g;N         :    +   1.3169 g
104;Date 24.02.2022  Heure 14:48:46;Date 25.02.2022  Heure 15:38:49;Date 02.03.2022  Heure 13:21:37
104;N         :    +   1.3007 g;N         :    +   1.4412 g;N         :    +   1.3121 g
105;Date 24.02.2022  Heure 14:48:53;Date 25.02.2022  Heure 15:38:58;Date 02.03.2022  Heure 13:21:47
105;N         :    +   1.2979 g;N         :    +   1.4406 g;N         :    +   1.3096 g
106;Date 24.02.2022  Heure 14:49:04;Date 25.02.2022  Heure 15:39:07;Date 02.03.2022  Heure 13:21:57
106;N         :    +   1.2954 g;N         :    +   1.4416 g;N         :    +   1.3068 g
107;Date 24.02.2022  Heure 14:49:31;Date 25.02.2022  Heure 15:39:19;Date 02.03.2022  Heure 13:22:06
107;N         :    +   1.3070 g;N         :    +   1.4020 g;N         :    +   1.3143 g
108;Date 24.02.2022  Heure 14:49:43;Date 25.02.2022  Heure 15:39:30;Date 02.03.2022  Heure 13:22:16
108;N         :    +   1.3010 g;N         :    +   1.3932 g;N         :    +   1.3083 g
109;Date 24.02.2022  Heure 14:49:52;Date 25.02.2022  Heure 15:39:39;Date 02.03.2022  Heure 13:22:24
109;N         :    +   1.3137 g;N         :    +   1.4489 g;N         :    +   1.3249 g
110;Date 24.02.2022  Heure 14:50:07;Date 25.02.2022  Heure 15:39:47;Date 02.03.2022  Heure 13:22:35
110;N         :    +   1.2975 g;N         :    +   1.4600 g;N         :    +   1.3114 g
111;Date 24.02.2022  Heure 14:50:31;Date 25.02.2022  Heure 15:40:31;Date 02.03.2022  Heure 13:22:45
111;N         :    +   1.2979 g;N         :    +   1.3824 g;N         :    +   1.3050 g
112;Date 24.02.2022  Heure 14:50:48;Date 25.02.2022  Heure 15:40:41;Date 02.03.2022  Heure 13:22:57
112;N         :    +   1.3044 g;N         :    +   1.4251 g;N         :    +   1.3148 g
113;Date 24.02.2022  Heure 14:50:57;Date 25.02.2022  Heure 15:40:54;Date 02.03.2022  Heure 13:23:18
113;N         :    +   1.3042 g;N         :    +   1.4171 g;N         :    +   1.3138 g
114;Date 24.02.2022  Heure 14:51:05;Date 25.02.2022  Heure 15:41:03;Date 02.03.2022  Heure 13:24:34
114;N         :    +   1.3041 g;N         :    +   1.4181 g;N         :    +   1.3136 g
115;Date 24.02.2022  Heure 14:51:13;Date 25.02.2022  Heure 15:41:13;Date 02.03.2022  Heure 13:24:47
115;N         :    +   1.3032 g;N         :    +   1.4607 g;N         :    +   1.3171 g
116;Date 24.02.2022  Heure 14:51:21;Date 25.02.2022  Heure 15:41:22;Date 02.03.2022  Heure 13:24:57
116;N         :    +   1.2988 g;N         :    +   1.4452 g;N         :    +   1.3112 g
117;Date 24.02.2022  Heure 14:51:30;Date 25.02.2022  Heure 15:41:32;Date 02.03.2022  Heure 13:25:09
117;N         :    +   1.3068 g;N         :    +   1.3895 g;N         :    +   1.3141 g
118;Date 24.02.2022  Heure 14:51:46;Date 25.02.2022  Heure 15:41:40;Date 02.03.2022  Heure 13:25:19
118;N         :    +   1.2989 g;N         :    +   1.4137 g;N         :    +   1.3086 g
119;Date 24.02.2022  Heure 14:52:10;Date 25.02.2022  Heure 15:41:49;Date 02.03.2022  Heure 13:25:30
119;N         :    +   1.3087 g;N         :    +   1.4352 g;N         :    +   1.3191 g
120;Date 24.02.2022  Heure 14:52:19;Date 25.02.2022  Heure 15:41:58;Date 02.03.2022  Heure 13:25:44
120;N         :    +   1.3055 g;N         :    +   1.4631 g;N         :    +   1.3190 g
121;Date 24.02.2022  Heure 14:52:26;NA;NA
121;N         :    +   1.2996 g;NA;NA
122;Date 24.02.2022  Heure 14:52:38;Date 25.02.2022  Heure 15:42:38;Date 02.03.2022  Heure 13:26:02
122;N         :    +   1.2951 g;N         :    +   1.5424 g;N         :    +   1.3179 g
123;Date 24.02.2022  Heure 14:52:48;Date 25.02.2022  Heure 15:42:45;Date 02.03.2022  Heure 13:26:14
123;N         :    +   1.3063 g;N         :    +   1.5445 g;N         :    +   1.3278 g
124;Date 24.02.2022  Heure 14:52:58;Date 25.02.2022  Heure 15:42:57;Date 02.03.2022  Heure 13:26:26
124;N         :    +   1.3060 g;N         :    +   1.5676 g;N         :    +   1.3288 g
125;Date 24.02.2022  Heure 14:53:10;Date 25.02.2022  Heure 15:43:08;Date 02.03.2022  Heure 13:26:36
125;N         :    +   1.3083 g;N         :    +   1.5611 g;N         :    +   1.3312 g
126;Date 24.02.2022  Heure 14:53:20;Date 25.02.2022  Heure 15:43:17;Date 02.03.2022  Heure 13:26:47
126;N         :    +   1.3004 g;N         :    +   1.6217 g;N         :    +   1.3283 g
127;Date 24.02.2022  Heure 14:53:33;Date 25.02.2022  Heure 15:43:27;Date 02.03.2022  Heure 13:26:58
127;N         :    +   1.3060 g;N         :    +   1.3628 g;N         :    +   1.3106 g
128;Date 24.02.2022  Heure 14:53:43;Date 25.02.2022  Heure 15:43:36;Date 02.03.2022  Heure 13:27:14
128;N         :    +   1.2980 g;N         :    +   1.5100 g;N         :    +   1.3166 g
129;Date 24.02.2022  Heure 14:53:59;Date 25.02.2022  Heure 15:44:01;Date 02.03.2022  Heure 13:27:23
129;N         :    +   1.3101 g;N         :    +   1.4850 g;N         :    +   1.3251 g
130;Date 24.02.2022  Heure 14:54:15;Date 25.02.2022  Heure 15:44:12;Date 02.03.2022  Heure 13:27:33
130;N         :    +   1.3085 g;N         :    +   1.6059 g;N         :    +   1.3358 g
131;Date 24.02.2022  Heure 14:54:25;Date 25.02.2022  Heure 15:44:20;Date 02.03.2022  Heure 13:27:41
131;N         :    +   1.3030 g;N         :    +   1.5609 g;N         :    +   1.3256 g
132;Date 24.02.2022  Heure 14:54:34;Date 25.02.2022  Heure 15:44:31;Date 02.03.2022  Heure 13:27:55
132;N         :    +   1.2995 g;N         :    +   1.4829 g;N         :    +   1.3173 g
133;Date 24.02.2022  Heure 14:55:00;Date 25.02.2022  Heure 15:44:41;Date 02.03.2022  Heure 13:28:07
133;N         :    +   1.3088 g;N         :    +   1.5719 g;N         :    +   1.3311 g
134;Date 24.02.2022  Heure 14:55:11;Date 25.02.2022  Heure 15:44:53;Date 02.03.2022  Heure 13:28:17
134;N         :    +   1.2989 g;N         :    +   1.5892 g;N         :    +   1.3251 g
135;Date 24.02.2022  Heure 14:55:28;Date 25.02.2022  Heure 15:45:03;Date 02.03.2022  Heure 13:28:28
135;N         :    +   1.3048 g;N         :    +   1.5065 g;N         :    +   1.3228 g
136;Date 24.02.2022  Heure 14:55:36;Date 25.02.2022  Heure 15:45:13;Date 02.03.2022  Heure 13:28:38
136;N         :    +   1.3046 g;N         :    +   1.5977 g;N         :    +   1.3301 g
137;Date 24.02.2022  Heure 14:55:48;Date 25.02.2022  Heure 15:45:26;Date 02.03.2022  Heure 13:28:48
137;N         :    +   1.3063 g;N         :    +   1.5167 g;N         :    +   1.3239 g
138;Date 24.02.2022  Heure 14:56:00;Date 25.02.2022  Heure 15:45:37;Date 02.03.2022  Heure 13:28:59
138;N         :    +   1.2986 g;N         :    +   1.5507 g;N         :    +   1.3206 g
139;Date 24.02.2022  Heure 14:56:12;Date 25.02.2022  Heure 15:45:45;Date 02.03.2022  Heure 13:29:11
139;N         :    +   1.3065 g;N         :    +   1.4972 g;N         :    +   1.3232 g
140;Date 24.02.2022  Heure 14:56:24;Date 25.02.2022  Heure 15:45:54;Date 02.03.2022  Heure 13:29:21
140;N         :    +   1.3010 g;N         :    +   1.5772 g;N         :    +   1.3253 g
141;Date 24.02.2022  Heure 14:56:36;Date 25.02.2022  Heure 15:46:05;Date 02.03.2022  Heure 13:29:33
141;N         :    +   1.3123 g;N         :    +   1.4949 g;N         :    +   1.3283 g
142;Date 24.02.2022  Heure 14:56:49;Date 25.02.2022  Heure 15:46:14;Date 02.03.2022  Heure 13:29:48
142;N         :    +   1.3054 g;N         :    +   1.5319 g;N         :    +   1.3248 g
143;Date 24.02.2022  Heure 14:56:58;Date 25.02.2022  Heure 15:46:24;Date 02.03.2022  Heure 13:29:59
143;N         :    +   1.3007 g;N         :    +   1.5875 g;N         :    +   1.3270 g
144;Date 24.02.2022  Heure 14:57:07;Date 25.02.2022  Heure 15:46:38;Date 02.03.2022  Heure 13:30:10
144;N         :    +   1.3043 g;N         :    +   1.5904 g;N         :    +   1.3300 g
145;Date 24.02.2022  Heure 14:57:35;Date 25.02.2022  Heure 15:47:53;Date 02.03.2022  Heure 13:30:38
145;N         :    +   1.2991 g;N         :    +   1.5315 g;N         :    +   1.3205 g
146;Date 24.02.2022  Heure 14:57:43;Date 25.02.2022  Heure 15:48:01;Date 02.03.2022  Heure 13:30:53
146;N         :    +   1.3065 g;N         :    +   1.5217 g;N         :    +   1.3263 g
147;Date 24.02.2022  Heure 14:57:52;Date 25.02.2022  Heure 15:48:13;Date 02.03.2022  Heure 13:31:31
147;N         :    +   1.3081 g;N         :    +   1.5300 g;N         :    +   1.3278 g
148;Date 24.02.2022  Heure 14:58:07;Date 25.02.2022  Heure 15:48:23;Date 02.03.2022  Heure 13:31:43
148;N         :    +   1.3006 g;N         :    +   1.5647 g;N         :    +   1.3237 g
149;Date 24.02.2022  Heure 14:58:19;Date 25.02.2022  Heure 15:48:34;Date 02.03.2022  Heure 13:32:04
149;N         :    +   1.3080 g;N         :    +   1.4452 g;N         :    +   1.3201 g
150;Date 24.02.2022  Heure 14:58:29;Date 25.02.2022  Heure 15:48:43;Date 02.03.2022  Heure 13:32:21
150;N         :    +   1.3069 g;N         :    +   1.5943 g;N         :    +   1.3323 g
151;Date 24.02.2022  Heure 14:59:55;Date 25.02.2022  Heure 15:48:53;Date 02.03.2022  Heure 13:32:35
151;N         :    +   1.3013 g;N         :    +   1.5765 g;N         :    +   1.3256 g
152;Date 24.02.2022  Heure 15:00:04;Date 25.02.2022  Heure 15:49:01;Date 02.03.2022  Heure 13:32:58
152;N         :    +   1.3117 g;N         :    +   1.5238 g;N         :    +   1.3305 g
153;Date 24.02.2022  Heure 15:00:12;Date 25.02.2022  Heure 15:49:10;Date 02.03.2022  Heure 13:33:11
153;N         :    +   1.3066 g;N         :    +   1.4674 g;N         :    +   1.3206 g
154;Date 24.02.2022  Heure 15:00:22;Date 25.02.2022  Heure 15:49:19;Date 02.03.2022  Heure 13:33:24
154;N         :    +   1.3096 g;N         :    +   1.4652 g;N         :    +   1.3225 g
155;Date 24.02.2022  Heure 15:00:30;Date 25.02.2022  Heure 15:49:34;Date 02.03.2022  Heure 13:33:48
155;N         :    +   1.3073 g;N         :    +   1.5197 g;N         :    +   1.3258 g
156;Date 24.02.2022  Heure 15:00:38;Date 25.02.2022  Heure 15:49:43;Date 02.03.2022  Heure 13:34:05
156;N         :    +   1.3085 g;N         :    +   1.5245 g;N         :    +   1.3286 g
157;Date 24.02.2022  Heure 15:00:47;Date 25.02.2022  Heure 15:49:52;Date 02.03.2022  Heure 13:34:40
157;N         :    +   1.3090 g;N         :    +   1.5447 g;N         :    +   1.3310 g
158;Date 24.02.2022  Heure 15:00:57;Date 25.02.2022  Heure 15:50:00;Date 02.03.2022  Heure 13:35:00
158;N         :    +   1.3138 g;N         :    +   1.5690 g;N         :    +   1.3366 g
159;Date 24.02.2022  Heure 15:01:10;Date 25.02.2022  Heure 15:50:09;Date 02.03.2022  Heure 13:35:17
159;N         :    +   1.3096 g;N         :    +   1.5231 g;N         :    +   1.3294 g
160;Date 24.02.2022  Heure 15:01:27;Date 25.02.2022  Heure 15:50:22;Date 02.03.2022  Heure 13:35:34
160;N         :    +   1.2971 g;N         :    +   1.4459 g;N         :    +   1.3108 g
161;Date 24.02.2022  Heure 15:01:43;Date 25.02.2022  Heure 15:50:30;Date 02.03.2022  Heure 13:35:48
161;N         :    +   1.3017 g;N         :    +   1.5366 g;N         :    +   1.3219 g
162;Date 24.02.2022  Heure 15:01:56;Date 25.02.2022  Heure 15:51:07;Date 02.03.2022  Heure 13:35:59
162;N         :    +   1.3083 g;N         :    +   1.5590 g;N         :    +   1.3312 g
163;Date 24.02.2022  Heure 15:02:05;Date 25.02.2022  Heure 15:51:18;Date 02.03.2022  Heure 13:36:28
163;N         :    +   1.3013 g;N         :    +   1.5813 g;N         :    +   1.3260 g
164;Date 24.02.2022  Heure 15:02:15;Date 25.02.2022  Heure 15:51:27;Date 02.03.2022  Heure 13:36:50
164;N         :    +   1.3060 g;N         :    +   1.5457 g;N         :    +   1.3274 g
165;Date 24.02.2022  Heure 15:02:24;Date 25.02.2022  Heure 15:51:38;Date 02.03.2022  Heure 13:37:02
165;N         :    +   1.3076 g;N         :    +   1.5935 g;N         :    +   1.3333 g
166;Date 24.02.2022  Heure 15:02:34;Date 25.02.2022  Heure 15:51:48;Date 02.03.2022  Heure 13:37:11
166;N         :    +   1.3066 g;N         :    +   1.5238 g;N         :    +   1.3262 g
167;Date 24.02.2022  Heure 15:02:45;Date 25.02.2022  Heure 15:52:00;Date 02.03.2022  Heure 13:37:20
167;N         :    +   1.3124 g;N         :    +   1.5817 g;N         :    +   1.3361 g
168;Date 24.02.2022  Heure 15:02:56;Date 25.02.2022  Heure 15:52:11;Date 02.03.2022  Heure 13:37:30
168;N         :    +   1.3090 g;N         :    +   1.5949 g;N         :    +   1.3348 g
169;Date 24.02.2022  Heure 15:03:09;Date 25.02.2022  Heure 15:53:00;Date 02.03.2022  Heure 13:37:40
169;N         :    +   1.3006 g;N         :    +   1.4764 g;N         :    +   1.3159 g
170;Date 24.02.2022  Heure 15:03:18;Date 25.02.2022  Heure 15:53:09;Date 02.03.2022  Heure 13:37:49
170;N         :    +   1.3079 g;N         :    +   1.5440 g;N         :    +   1.3279 g
171;Date 24.02.2022  Heure 15:03:30;Date 25.02.2022  Heure 15:53:18;Date 02.03.2022  Heure 13:37:58
171;N         :    +   1.2977 g;N         :    +   1.5472 g;N         :    +   1.3189 g
172;Date 24.02.2022  Heure 15:03:39;NA;NA
172;N         :    +   1.3092 g;NA;NA
173;Date 24.02.2022  Heure 15:03:47;Date 25.02.2022  Heure 15:53:46;Date 02.03.2022  Heure 13:38:35
173;N         :    +   1.2976 g;N         :    +   1.5559 g;N         :    +   1.3202 g
174;Date 24.02.2022  Heure 15:04:07;Date 25.02.2022  Heure 15:53:57;Date 02.03.2022  Heure 13:38:51
174;N         :    +   1.3139 g;N         :    +   1.5131 g;N         :    +   1.3315 g
175;Date 24.02.2022  Heure 15:04:25;Date 25.02.2022  Heure 15:54:06;Date 02.03.2022  Heure 13:39:03
175;N         :    +   1.3145 g;N         :    +   1.5170 g;N         :    +   1.3313 g
176;Date 24.02.2022  Heure 15:04:42;Date 25.02.2022  Heure 15:54:18;Date 02.03.2022  Heure 13:39:13
176;N         :    +   1.3072 g;N         :    +   1.5405 g;N         :    +   1.3273 g
177;Date 24.02.2022  Heure 15:04:59;NA;NA
177;N         :    +   1.3063 g;NA;NA
178;Date 24.02.2022  Heure 15:05:08;Date 25.02.2022  Heure 15:54:36;Date 02.03.2022  Heure 13:39:32
178;N         :    +   1.3122 g;N         :    +   1.5927 g;N         :    +   1.3356 g
179;Date 24.02.2022  Heure 15:05:17;Date 25.02.2022  Heure 15:54:46;Date 02.03.2022  Heure 13:39:57
179;N         :    +   1.3070 g;N         :    +   1.5271 g;N         :    +   1.3257 g
180;Date 24.02.2022  Heure 15:05:36;Date 25.02.2022  Heure 15:55:00;Date 02.03.2022  Heure 13:40:09
180;N         :    +   1.3033 g;N         :    +   1.4892 g;N         :    +   1.3197 g
181;Date 24.02.2022  Heure 15:05:50;Date 25.02.2022  Heure 15:55:10;Date 02.03.2022  Heure 13:40:55
181;N         :    +   1.3077 g;N         :    +   1.5526 g;N         :    +   1.3304 g
182;Date 24.02.2022  Heure 15:05:58;Date 25.02.2022  Heure 15:55:19;Date 02.03.2022  Heure 13:41:04
182;N         :    +   1.3085 g;N         :    +   1.5623 g;N         :    +   1.3318 g
183;Date 24.02.2022  Heure 15:06:06;Date 25.02.2022  Heure 15:55:28;Date 02.03.2022  Heure 13:41:14
183;N         :    +   1.3029 g;N         :    +   1.5037 g;N         :    +   1.3208 g
184;Date 24.02.2022  Heure 15:06:18;Date 25.02.2022  Heure 15:55:39;Date 02.03.2022  Heure 13:41:25
184;N         :    +   1.3071 g;N         :    +   1.4750 g;N         :    +   1.3222 g
185;Date 24.02.2022  Heure 15:06:31;Date 25.02.2022  Heure 15:55:53;Date 02.03.2022  Heure 13:41:35
185;N         :    +   1.3000 g;N         :    +   1.4177 g;N         :    +   1.3095 g
186;Date 24.02.2022  Heure 15:06:44;Date 25.02.2022  Heure 15:56:04;Date 02.03.2022  Heure 13:41:45
186;N         :    +   1.3064 g;N         :    +   1.5492 g;N         :    +   1.3281 g
187;Date 24.02.2022  Heure 15:06:55;Date 25.02.2022  Heure 15:56:17;Date 02.03.2022  Heure 13:41:59
187;N         :    +   1.3066 g;N         :    +   1.5978 g;N         :    +   1.3324 g
188;Date 24.02.2022  Heure 15:07:04;Date 25.02.2022  Heure 15:56:28;Date 02.03.2022  Heure 13:42:12
188;N         :    +   1.3069 g;N         :    +   1.6043 g;N         :    +   1.3322 g
189;Date 24.02.2022  Heure 15:07:18;Date 25.02.2022  Heure 15:56:37;Date 02.03.2022  Heure 13:42:27
189;N         :    +   1.3094 g;N         :    +   1.5819 g;N         :    +   1.3342 g
190;Date 24.02.2022  Heure 15:07:27;Date 25.02.2022  Heure 15:56:50;Date 02.03.2022  Heure 13:42:44
190;N         :    +   1.3059 g;N         :    +   1.6377 g;N         :    +   1.3344 g
191;Date 24.02.2022  Heure 15:07:40;Date 25.02.2022  Heure 15:57:00;Date 02.03.2022  Heure 13:43:00
191;N         :    +   1.2986 g;N         :    +   1.5826 g;N         :    +   1.3228 g
192;Date 24.02.2022  Heure 15:07:51;Date 25.02.2022  Heure 15:57:11;Date 02.03.2022  Heure 13:43:18
192;N         :    +   1.3081 g;N         :    +   1.5983 g;N         :    +   1.3340 g
193;Date 24.02.2022  Heure 15:08:16;Date 25.02.2022  Heure 15:57:37;Date 02.03.2022  Heure 13:44:13
193;N         :    +   1.3138 g;N         :    +   1.5137 g;N         :    +   1.3318 g
194;Date 24.02.2022  Heure 15:08:27;Date 25.02.2022  Heure 15:57:49;Date 02.03.2022  Heure 13:44:26
194;N         :    +   1.3042 g;N         :    +   1.5687 g;N         :    +   1.3260 g
195;Date 24.02.2022  Heure 15:08:38;Date 25.02.2022  Heure 15:57:59;Date 02.03.2022  Heure 13:44:51
195;N         :    +   1.3085 g;N         :    +   1.4905 g;N         :    +   1.3245 g
196;Date 24.02.2022  Heure 15:08:45;Date 25.02.2022  Heure 15:58:12;Date 02.03.2022  Heure 13:45:02
196;N         :    +   1.3078 g;N         :    +   1.5376 g;N         :    +   1.3283 g
197;Date 24.02.2022  Heure 15:08:58;Date 25.02.2022  Heure 15:58:21;Date 02.03.2022  Heure 13:45:39
197;N         :    +   1.3084 g;N         :    +   1.4646 g;N         :    +   1.3223 g
198;Date 24.02.2022  Heure 15:09:05;Date 25.02.2022  Heure 15:58:36;Date 02.03.2022  Heure 13:46:14
198;N         :    +   1.3067 g;N         :    +   1.5710 g;N         :    +   1.3296 g
199;Date 24.02.2022  Heure 15:09:14;Date 25.02.2022  Heure 15:58:52;Date 02.03.2022  Heure 13:46:24
199;N         :    +   1.3078 g;N         :    +   1.5206 g;N         :    +   1.3246 g
200;Date 24.02.2022  Heure 15:09:21;Date 25.02.2022  Heure 15:59:04;Date 02.03.2022  Heure 13:46:37
200;N         :    +   1.3085 g;N         :    +   1.4273 g;N         :    +   1.3180 g
201;Date 24.02.2022  Heure 15:09:30;Date 25.02.2022  Heure 15:59:14;Date 02.03.2022  Heure 13:46:47
201;N         :    +   1.3000 g;N         :    +   1.4383 g;N         :    +   1.3124 g
202;Date 24.02.2022  Heure 15:09:39;Date 25.02.2022  Heure 15:59:25;Date 02.03.2022  Heure 13:46:57
202;N         :    +   1.3130 g;N         :    +   1.5753 g;N         :    +   1.3337 g
203;Date 24.02.2022  Heure 15:09:50;Date 25.02.2022  Heure 15:59:39;Date 02.03.2022  Heure 13:47:07
203;N         :    +   1.3011 g;N         :    +   1.5438 g;N         :    +   1.3215 g
204;Date 24.02.2022  Heure 15:09:59;Date 25.02.2022  Heure 15:59:51;Date 02.03.2022  Heure 13:47:17
204;N         :    +   1.3046 g;N         :    +   1.5577 g;N         :    +   1.3257 g
205;Date 24.02.2022  Heure 15:10:07;Date 25.02.2022  Heure 16:00:26;Date 02.03.2022  Heure 13:47:27
205;N         :    +   1.3088 g;N         :    +   1.4577 g;N         :    +   1.3223 g
206;Date 24.02.2022  Heure 15:10:20;Date 25.02.2022  Heure 16:00:38;Date 02.03.2022  Heure 13:47:39
206;N         :    +   1.2989 g;N         :    +   1.5315 g;N         :    +   1.3190 g
207;Date 24.02.2022  Heure 15:10:29;Date 25.02.2022  Heure 16:00:47;Date 02.03.2022  Heure 13:47:48
207;N         :    +   1.3075 g;N         :    +   1.4625 g;N         :    +   1.3213 g
208;Date 24.02.2022  Heure 15:10:39;Date 25.02.2022  Heure 16:00:58;Date 02.03.2022  Heure 13:47:56
208;N         :    +   1.3065 g;N         :    +   1.5362 g;N         :    +   1.3267 g
209;Date 24.02.2022  Heure 15:10:48;Date 25.02.2022  Heure 16:01:08;Date 02.03.2022  Heure 13:48:05
209;N         :    +   1.3080 g;N         :    +   1.5270 g;N         :    +   1.3267 g
210;Date 24.02.2022  Heure 15:10:56;Date 25.02.2022  Heure 16:01:52;Date 02.03.2022  Heure 13:48:14
210;N         :    +   1.3090 g;N         :    +   1.5996 g;N         :    +   1.3344 g
211;Date 24.02.2022  Heure 15:11:04;Date 25.02.2022  Heure 16:02:02;Date 02.03.2022  Heure 13:48:24
211;N         :    +   1.3075 g;N         :    +   1.4661 g;N         :    +   1.3209 g
212;Date 24.02.2022  Heure 15:11:14;Date 25.02.2022  Heure 16:02:13;Date 02.03.2022  Heure 13:48:34
212;N         :    +   1.3040 g;N         :    +   1.4800 g;N         :    +   1.3195 g
213;Date 24.02.2022  Heure 15:11:22;Date 25.02.2022  Heure 16:02:26;Date 02.03.2022  Heure 13:48:43
213;N         :    +   1.3038 g;N         :    +   1.5693 g;N         :    +   1.3276 g
214;Date 24.02.2022  Heure 15:11:34;Date 25.02.2022  Heure 16:02:36;Date 02.03.2022  Heure 13:48:53
214;N         :    +   1.3007 g;N         :    +   1.5745 g;N         :    +   1.3248 g
215;Date 24.02.2022  Heure 15:11:47;Date 25.02.2022  Heure 16:02:49;Date 02.03.2022  Heure 13:49:03
215;N         :    +   1.3143 g;N         :    +   1.5558 g;N         :    +   1.3357 g
216;Date 24.02.2022  Heure 15:11:59;Date 25.02.2022  Heure 16:03:00;Date 02.03.2022  Heure 13:49:13
216;N         :    +   1.3122 g;N         :    +   1.5679 g;N         :    +   1.3354 g
217;Date 24.02.2022  Heure 15:12:11;Date 25.02.2022  Heure 16:03:13;Date 02.03.2022  Heure 13:49:21
217;N         :    +   1.3079 g;N         :    +   1.4717 g;N         :    +   1.3228 g
218;Date 24.02.2022  Heure 15:12:22;Date 25.02.2022  Heure 16:03:23;Date 02.03.2022  Heure 13:49:30
218;N         :    +   1.3048 g;N         :    +   1.5414 g;N         :    +   1.3256 g
219;Date 24.02.2022  Heure 15:12:31;Date 25.02.2022  Heure 16:03:38;Date 02.03.2022  Heure 13:49:40
219;N         :    +   1.3034 g;N         :    +   1.5525 g;N         :    +   1.3251 g
220;Date 24.02.2022  Heure 15:12:40;Date 25.02.2022  Heure 16:03:48;Date 02.03.2022  Heure 13:49:50
220;N         :    +   1.2999 g;N         :    +   1.5350 g;N         :    +   1.3213 g
221;Date 24.02.2022  Heure 15:12:49;Date 25.02.2022  Heure 16:03:58;Date 02.03.2022  Heure 13:49:58
221;N         :    +   1.3073 g;N         :    +   1.4028 g;N         :    +   1.3158 g
222;Date 24.02.2022  Heure 15:12:58;Date 25.02.2022  Heure 16:04:11;Date 02.03.2022  Heure 13:50:08
222;N         :    +   1.3043 g;N         :    +   1.4357 g;N         :    +   1.3153 g
223;Date 24.02.2022  Heure 15:13:08;Date 25.02.2022  Heure 16:04:23;Date 02.03.2022  Heure 13:50:17
223;N         :    +   1.3079 g;N         :    +   1.5275 g;N         :    +   1.3268 g
224;Date 24.02.2022  Heure 15:13:17;Date 25.02.2022  Heure 16:04:32;Date 02.03.2022  Heure 13:50:26
224;N         :    +   1.3079 g;N         :    +   1.5739 g;N         :    +   1.3312 g
225;Date 24.02.2022  Heure 15:13:27;Date 25.02.2022  Heure 16:04:44;Date 02.03.2022  Heure 13:50:37
225;N         :    +   1.3042 g;N         :    +   1.5179 g;N         :    +   1.3251 g
226;Date 24.02.2022  Heure 15:13:37;Date 25.02.2022  Heure 16:04:53;Date 02.03.2022  Heure 13:50:46
226;N         :    +   1.3007 g;N         :    +   1.5577 g;N         :    +   1.3235 g
227;Date 24.02.2022  Heure 15:13:47;Date 25.02.2022  Heure 16:05:03;Date 02.03.2022  Heure 13:50:55
227;N         :    +   1.2981 g;N         :    +   1.5001 g;N         :    +   1.3164 g
228;Date 24.02.2022  Heure 15:13:57;Date 25.02.2022  Heure 16:05:12;Date 02.03.2022  Heure 13:51:07
228;N         :    +   1.3065 g;N         :    +   1.5072 g;N         :    +   1.3239 g
229;Date 24.02.2022  Heure 15:14:06;Date 25.02.2022  Heure 16:05:22;Date 02.03.2022  Heure 13:51:18
229;N         :    +   1.3075 g;N         :    +   1.5746 g;N         :    +   1.3313 g
230;Date 24.02.2022  Heure 15:14:20;Date 25.02.2022  Heure 16:05:32;Date 02.03.2022  Heure 13:51:28
230;N         :    +   1.3101 g;N         :    +   1.5923 g;N         :    +   1.3337 g
231;Date 24.02.2022  Heure 15:14:31;Date 25.02.2022  Heure 16:05:41;Date 02.03.2022  Heure 13:51:37
231;N         :    +   1.3034 g;N         :    +   1.5240 g;N         :    +   1.3227 g
232;Date 24.02.2022  Heure 15:14:40;Date 25.02.2022  Heure 16:05:50;Date 02.03.2022  Heure 13:51:48
232;N         :    +   1.3053 g;N         :    +   1.5310 g;N         :    +   1.3258 g
233;Date 24.02.2022  Heure 15:14:49;Date 25.02.2022  Heure 16:06:00;Date 02.03.2022  Heure 13:51:56
233;N         :    +   1.3008 g;N         :    +   1.5733 g;N         :    +   1.3241 g
234;Date 24.02.2022  Heure 15:14:58;Date 25.02.2022  Heure 16:06:17;Date 02.03.2022  Heure 13:52:04
234;N         :    +   1.3085 g;N         :    +   1.5372 g;N         :    +   1.3281 g
235;Date 24.02.2022  Heure 15:15:07;Date 25.02.2022  Heure 16:06:28;Date 02.03.2022  Heure 13:54:46
235;N         :    +   1.3036 g;N         :    +   1.5548 g;N         :    +   1.3252 g
236;Date 24.02.2022  Heure 15:15:17;Date 25.02.2022  Heure 16:06:38;Date 02.03.2022  Heure 13:54:54
236;N         :    +   1.3065 g;N         :    +   1.5878 g;N         :    +   1.3314 g
237;Date 24.02.2022  Heure 15:15:25;Date 25.02.2022  Heure 16:06:50;Date 02.03.2022  Heure 13:55:03
237;N         :    +   1.3068 g;N         :    +   1.4060 g;N         :    +   1.3151 g
238;Date 24.02.2022  Heure 15:15:34;Date 25.02.2022  Heure 16:07:01;Date 02.03.2022  Heure 13:55:12
238;N         :    +   1.3138 g;N         :    +   1.5539 g;N         :    +   1.3355 g
239;Date 24.02.2022  Heure 15:15:43;Date 25.02.2022  Heure 16:07:14;Date 02.03.2022  Heure 13:55:22
239;N         :    +   1.3135 g;N         :    +   1.5799 g;N         :    +   1.3373 g
240;Date 24.02.2022  Heure 15:15:51;Date 25.02.2022  Heure 16:07:31;Date 02.03.2022  Heure 13:55:47
240;N         :    +   1.3121 g;N         :    +   1.5376 g;N         :    +   1.3326 g